<web-app>
	<security-role>
		<role-name>role1</role-name>
	</security-role>
	<security-constraint>
		<web-resource-collection>
			<web-resource-name>JSPBook</web-resource-name>
			<url-pattern>/ch10/security02.jsp</url-pattern>
			<http-method>GET</http-method>
		</web-resource-collection>
		<auth-constraint>
			<description></description>
			<role-name>role1</role-name>
		</auth-constraint>
	</security-constraint>
<!-- <login-config>
 		<auth-method>BASIC</auth-method>		
 	</login-config>
  -->	
	<login-config>
 		<auth-method>FORM</auth-method>
		<form-login-config>
			<form-login-page>/ch10/login.jsp</form-login-page>
			<form-error-page>/ch10/login_failed.jsp</form-error-page>
		</form-login-config>
 	</login-config>
</web-app>